{"cameraMode":{"drawMode":0,"name":"Shaded","section":"Shading Mode"},"sceneLighting":true,"audioPlay":false,"sceneViewState":{"showFog":true,"showMaterialUpdate":false,"showSkybox":true,"showFlares":true,"showImageEffects":true,"showParticleSystems":true},"in2DMode":false,"pivot":{"x":0.021654367446899415,"y":1.5448310375213624,"z":0.41524219512939455},"rotation":{"x":0.09760292619466782,"y":-0.8807494640350342,"z":0.20743916928768159,"w":0.4144149720668793},"size":4.433107852935791,"orthographic":false}